instance,sha256,n,solver,arithmetic,known,status,minimum,median_seconds,detail
datasets\scaling\tsukuba_crop_1x1.max,f366b95fe2d88f43ea27cb3f0458cc099f2f1d285734028860ee21874c63ecef,1,orlin_double,IEEE 754 binary64,0,PASS_KNOWN,0,3.2e-06,
datasets\scaling\tsukuba_crop_1x1.max,f366b95fe2d88f43ea27cb3f0458cc099f2f1d285734028860ee21874c63ecef,1,julia,Float64,0,PASS_KNOWN,0,8.12e-05,
datasets\scaling\tsukuba_crop_1x1.max,f366b95fe2d88f43ea27cb3f0458cc099f2f1d285734028860ee21874c63ecef,1,matlab,Float64,0,PASS_KNOWN,0,0.0041073,
datasets\scaling\tsukuba_crop_2x2.max,a3231b45ba85188496cff68e431db64e07f78d2724c07f855badef9edff1ed0c,4,orlin_double,IEEE 754 binary64,0,PASS_KNOWN,0,2.08e-05,
datasets\scaling\tsukuba_crop_2x2.max,a3231b45ba85188496cff68e431db64e07f78d2724c07f855badef9edff1ed0c,4,julia,Float64,0,PASS_KNOWN,0,0.0004617,
datasets\scaling\tsukuba_crop_2x2.max,a3231b45ba85188496cff68e431db64e07f78d2724c07f855badef9edff1ed0c,4,matlab,Float64,0,PASS_KNOWN,0,0.0049723,
datasets\scaling\tsukuba_crop_3x3.max,3a57ccdee6180669cde419f92e4c2bf1d527e8bd6ccb6bce2a58446abbd5ee76,9,orlin_double,IEEE 754 binary64,0,PASS_KNOWN,0,2.96e-05,
datasets\scaling\tsukuba_crop_3x3.max,3a57ccdee6180669cde419f92e4c2bf1d527e8bd6ccb6bce2a58446abbd5ee76,9,julia,Float64,0,PASS_KNOWN,0,0.0002018,
datasets\scaling\tsukuba_crop_3x3.max,3a57ccdee6180669cde419f92e4c2bf1d527e8bd6ccb6bce2a58446abbd5ee76,9,matlab,Float64,0,PASS_KNOWN,0,0.005745,
datasets\scaling\tsukuba_crop_4x4.max,130ed4b3e6f7e03d09359512b7625e2956b66c301a1cefe11b8f88e5c12133f0,16,orlin_double,IEEE 754 binary64,0,PASS_KNOWN,0,0.0002053,
datasets\scaling\tsukuba_crop_4x4.max,130ed4b3e6f7e03d09359512b7625e2956b66c301a1cefe11b8f88e5c12133f0,16,julia,Float64,0,PASS_KNOWN,0,0.0018071,
datasets\scaling\tsukuba_crop_4x4.max,130ed4b3e6f7e03d09359512b7625e2956b66c301a1cefe11b8f88e5c12133f0,16,matlab,Float64,0,PASS_KNOWN,0,0.0027083,
datasets\scaling\tsukuba_crop_5x5.max,8137c90ccfd40e531fd9285c6850c22d5634d3580e1a1124402054fceaec8046,25,orlin_double,IEEE 754 binary64,0,PASS_KNOWN,0,0.0014116,
datasets\scaling\tsukuba_crop_5x5.max,8137c90ccfd40e531fd9285c6850c22d5634d3580e1a1124402054fceaec8046,25,julia,Float64,0,PASS_KNOWN,0,0.0067862,
datasets\scaling\tsukuba_crop_5x5.max,8137c90ccfd40e531fd9285c6850c22d5634d3580e1a1124402054fceaec8046,25,matlab,Float64,0,PASS_KNOWN,0,0.0030565,
datasets\scaling\tsukuba_crop_6x6.max,d33c83a13f6e62ea1c8c687e25c307fac1557e5bab3e7c9873ee8606aa87f66e,36,orlin_double,IEEE 754 binary64,0,PASS_KNOWN,0,0.0092593,
datasets\scaling\tsukuba_crop_6x6.max,d33c83a13f6e62ea1c8c687e25c307fac1557e5bab3e7c9873ee8606aa87f66e,36,julia,Float64,0,PASS_KNOWN,0,0.0147494,
datasets\scaling\tsukuba_crop_6x6.max,d33c83a13f6e62ea1c8c687e25c307fac1557e5bab3e7c9873ee8606aa87f66e,36,matlab,Float64,0,PASS_KNOWN,0,0.0039855,
datasets\scaling\tsukuba_crop_7x7.max,3add1242a0c675f3b25489bb0d8e523195b33b3079d735c43d848b429c517ec4,49,orlin_double,IEEE 754 binary64,0,PASS_KNOWN,0,0.0500679,
datasets\scaling\tsukuba_crop_7x7.max,3add1242a0c675f3b25489bb0d8e523195b33b3079d735c43d848b429c517ec4,49,julia,Float64,0,PASS_KNOWN,0,0.0219192,
datasets\scaling\tsukuba_crop_7x7.max,3add1242a0c675f3b25489bb0d8e523195b33b3079d735c43d848b429c517ec4,49,matlab,Float64,0,PASS_KNOWN,0,0.0048814,
datasets\scaling\tsukuba_crop_8x8.max,67d086f43bf653df3ee3f3fa292fb88a6eb56320bbdc6e08069ab4dc8323c292,64,orlin_double,IEEE 754 binary64,0,PASS_KNOWN,0,0.2127111,
datasets\scaling\tsukuba_crop_8x8.max,67d086f43bf653df3ee3f3fa292fb88a6eb56320bbdc6e08069ab4dc8323c292,64,julia,Float64,0,PASS_KNOWN,0,0.0502944,
datasets\scaling\tsukuba_crop_8x8.max,67d086f43bf653df3ee3f3fa292fb88a6eb56320bbdc6e08069ab4dc8323c292,64,matlab,Float64,0,PASS_KNOWN,0,0.0054444,
datasets\scaling\tsukuba_crop_9x9.max,1845e8baa4f222ce3715cbf3ee50882138c713f59386b0cbf6807ddeaa0ea2b0,81,orlin_double,IEEE 754 binary64,43,PASS_KNOWN,43,1.4345932,
datasets\scaling\tsukuba_crop_9x9.max,1845e8baa4f222ce3715cbf3ee50882138c713f59386b0cbf6807ddeaa0ea2b0,81,julia,Float64,43,PASS_KNOWN,43,0.0628508,
datasets\scaling\tsukuba_crop_9x9.max,1845e8baa4f222ce3715cbf3ee50882138c713f59386b0cbf6807ddeaa0ea2b0,81,matlab,Float64,43,PASS_KNOWN,43,0.006359,
datasets\scaling\tsukuba_crop_10x10.max,5cd1ca6cc3a46aa7c6732b4ea56fa0987b6293d89301fceb58848db3141fbcab,100,orlin_double,IEEE 754 binary64,50,PASS_KNOWN,50,2.7519127,
datasets\scaling\tsukuba_crop_10x10.max,5cd1ca6cc3a46aa7c6732b4ea56fa0987b6293d89301fceb58848db3141fbcab,100,julia,Float64,50,PASS_KNOWN,50,0.1039551,
datasets\scaling\tsukuba_crop_10x10.max,5cd1ca6cc3a46aa7c6732b4ea56fa0987b6293d89301fceb58848db3141fbcab,100,matlab,Float64,50,PASS_KNOWN,50,0.0089135,
datasets\scaling\tsukuba_crop_11x11.max,0a92a9762c3e3984b487864db4767c89b51587248ccd8fdf8f02cdb9b5bbfd19,121,orlin_double,IEEE 754 binary64,50,PASS_KNOWN,50,5.2244005,
datasets\scaling\tsukuba_crop_11x11.max,0a92a9762c3e3984b487864db4767c89b51587248ccd8fdf8f02cdb9b5bbfd19,121,julia,Float64,50,PASS_KNOWN,50,0.2352913,
datasets\scaling\tsukuba_crop_11x11.max,0a92a9762c3e3984b487864db4767c89b51587248ccd8fdf8f02cdb9b5bbfd19,121,matlab,Float64,50,PASS_KNOWN,50,0.0109822,
datasets\scaling\tsukuba_crop_12x12.max,f4122cb69281928026e9e263eabae9143cbd6d84729dd7580ccf6b89a491c79b,144,orlin_double,IEEE 754 binary64,50,PASS_KNOWN,50,8.0638855,
datasets\scaling\tsukuba_crop_12x12.max,f4122cb69281928026e9e263eabae9143cbd6d84729dd7580ccf6b89a491c79b,144,julia,Float64,50,PASS_KNOWN,50,0.4978966,
datasets\scaling\tsukuba_crop_12x12.max,f4122cb69281928026e9e263eabae9143cbd6d84729dd7580ccf6b89a491c79b,144,matlab,Float64,50,PASS_KNOWN,50,0.0140284,
